{
    "pools": [
      {
        "rolls": 1,
        "entries": [
          {
            "type": "minecraft:item",
            "name": "minecraft:leather_helmet",
            "weight": 15
          },
          {
            "type": "minecraft:item",
            "name": "minecraft:chainmail_helmet",
            "weight": 10
          },
          {
            "type": "minecraft:item",
            "name": "minecraft:golden_helmet",
            "weight": 10
          },
          {
            "type": "minecraft:item",
            "name": "minecraft:iron_helmet",
            "weight": 9
          },
          {
            "type": "minecraft:item",
            "name": "minecraft:diamond_helmet",
            "weight": 5
          },
          {
            "type": "minecraft:item",
            "name": "minecraft:netherite_helmet",
            "weight": 1
          },
          {
            "type": "minecraft:item",
            "name": "minecraft:air",
            "weight": 50
          }
        ]
      }
    ]
  }