{
    "pools": [
      {
        "rolls": 1,
        "entries": [
          {
            "type": "minecraft:item",
            "name": "minecraft:leather_boots",
            "weight": 15
          },
          {
            "type": "minecraft:item",
            "name": "minecraft:chainmail_boots",
            "weight": 10
          },
          {
            "type": "minecraft:item",
            "name": "minecraft:golden_boots",
            "weight": 10
          },
          {
            "type": "minecraft:item",
            "name": "minecraft:iron_boots",
            "weight": 9
          },
          {
            "type": "minecraft:item",
            "name": "minecraft:diamond_boots",
            "weight": 5
          },
          {
            "type": "minecraft:item",
            "name": "minecraft:netherite_boots",
            "weight": 1
          }
        ]
      }
    ]
  }